Workbook

Sheet Direct Route-3A Tue, Wed & Fri
B3: VOC-CHAMKANI
B4: TRIP SCHEDULES/OPERATION PLAN EFFECTIVE FROM August 1st, 2025 TILL FURTHER ORDERS
B5: DAYS | C5: Tue, Wed & Fri
B6: ROUTE TYPE | C6: Direct Route
B7: ROUTE NAME/ NUMBER | C7: Direct Route-3A
B8: ROUTE DESCRIPTION | C8: Kohat Adda to Dabgari Gardens
B9: OPERATING HOURS | C9: Start Time of Operation: 6:00 AM ; End Time of Operation: 9:30 PM
B10: TYPE OF OPERATION | C10: HEADWAY BASED OPERATIONS as per below headway, displayed on OBU
B11: MAXIMUM SPEED | C11: 50 KM/H (±10 %) subject to local speed restrictions and safety of public as well as passengers
B12: JOURNEY TIME | C12: 20 Minutes; in accordance with Planned Time displayed on OBU for every station
B13: FLEET SIZE REQUIRED | C13: Total 12 Number of Standard-Buses (12-meter)
B14: STOPPAGE/STATION ON OFF-CORRIDOR | C14: EVERY BUS STATION ALONG THE PUBLIC TRANSPORT ROUTE. The bus must stop at bus bay/shelter available within 50 meter distance of Bus Post/ Shelter.
B15: STOPPING BAY ON CORRIDOR | C15: As announced and shown on OBU i.e. 3rd Bay at BRT Station
B16: DWELL TIME | C16: ON-CORRIDOR: MINIMUM 10 SECONDS & MAXIMUM 30 SECONDS SUBJECT TO PASSENGER SAFETY OFF-CORRIDOR: MINIMUM 10 SECONDS & MAXIMUM 45 SECONDS SUBJECT TO PASSENGER SAFETY
B17: Route | C17: FROM | D17: TO | E17: DURATION (Hours) | F17: TRIPS/hr (No.) | G17: Headway (Minutes) | H17: Journey Time (h:m:s) | I17: PATH
B19: Direct Route-3A | C19: =DETAILS!D12 -> 0.25 | D19: =DETAILS!D13 -> 0.26041667 | E19: =D19-C19 -> 0.010416667 | F19: =(E19/G19)+1 -> 2 | G19: =DETAILS!C13 -> 0.010416667 | H19: =TIME(0,20,0) -> 0.013888889 | I19: Dabgari Gardens to Kohat Adda
C20: =DETAILS!D14 -> 0.26736111 | F20: =(E20/G20)+1 -> 1 | G20: =DETAILS!C14 -> 0.0069444444
C21: =DETAILS!D15 -> 0.27083333 | D21: =DETAILS!D45 -> 0.375 | E21: =D21-C21 -> 0.10416667 | F21: =(E21/G21)+1 -> 31 | G21: =DETAILS!C18 -> 0.0034722222
C22: =DETAILS!D46 -> 0.37916667 | D22: =DETAILS!D75 -> 0.5 | E22: =D22-C22 -> 0.12083333 | F22: =(E22/G22)+1 -> 30 | G22: =DETAILS!C50 -> 0.0041666667
C23: =DETAILS!D76 -> 0.50347222 | D23: =DETAILS!D99 -> 0.58333333 | E23: =D23-C23 -> 0.079861111 | F23: =(E23/G23)+1 -> 24 | G23: =DETAILS!C77 -> 0.0034722222
C24: =DETAILS!D100 -> 0.5875 | D24: =DETAILS!D129 -> 0.70833333 | E24: =D24-C24 -> 0.12083333 | F24: =(E24/G24)+1 -> 30 | G24: =DETAILS!C103 -> 0.0041666667
C25: =DETAILS!D130 -> 0.71180556 | D25: =DETAILS!D163 -> 0.82638889 | E25: =D25-C25 -> 0.11458333 | F25: =(E25/G25)+1 -> 34 | G25: =DETAILS!C136 -> 0.0034722222
C26: =DETAILS!D164 -> 0.83055556 | D26: =DETAILS!D170 -> 0.85555556 | E26: =D26-C26 -> 0.025 | F26: =(E26/G26)+1 -> 7 | G26: =DETAILS!C168 -> 0.0041666667
C27: =DETAILS!D171 -> 0.86041667 | D27: =DETAILS!D174 -> 0.875 | E27: =D27-C27 -> 0.014583333 | F27: =(E27/G27)+1 -> 4 | G27: =DETAILS!C173 -> 0.0048611111
C28: Sub-total Forward | E28: =SUM(E19:E25) -> 0.55069444 | F28: =SUM(F19:F27) -> 163 | I28: Kohat Adda to Dabgari Gardens
C29: =DETAILS!K12 -> 0.25 | D29: =DETAILS!K13 -> 0.26041667 | E29: =D29-C29 -> 0.010416667 | F29: =(E29/G29)+1 -> 2 | G29: =DETAILS!J13 -> 0.010416667
C30: =DETAILS!K14 -> 0.26736111 | D30: =DETAILS!K15 -> 0.27430556 | E30: =D30-C30 -> 0.0069444444 | F30: =(E30/G30)+1 -> 2 | G30: =DETAILS!J15 -> 0.0069444444
C31: =DETAILS!K16 -> 0.27777778 | D31: =DETAILS!K45 -> 0.37847222 | E31: =D31-C31 -> 0.10069444 | F31: =(E31/G31)+1 -> 30 | G31: =DETAILS!J29 -> 0.0034722222
C32: =DETAILS!K46 -> 0.38263889 | D32: =DETAILS!K75 -> 0.50347222 | E32: =D32-C32 -> 0.12083333 | F32: =(E32/G32)+1 -> 30 | G32: =DETAILS!J48 -> 0.0041666667
C33: =DETAILS!K76 -> 0.50694444 | D33: =DETAILS!K99 -> 0.58680556 | E33: =D33-C33 -> 0.079861111 | F33: =(E33/G33)+1 -> 24 | G33: =DETAILS!J99 -> 0.0034722222
C34: =DETAILS!K100 -> 0.59097222 | D34: =DETAILS!K129 -> 0.71180556 | E34: =D34-C34 -> 0.12083333 | F34: =(E34/G34)+1 -> 30 | G34: =DETAILS!J63 -> 0.0041666667
C35: =DETAILS!K130 -> 0.71527778 | D35: =DETAILS!K165 -> 0.83680556 | E35: =D35-C35 -> 0.12152778 | F35: =(E35/G35)+1 -> 36 | G35: =DETAILS!J140 -> 0.0034722222
C36: =DETAILS!K166 -> 0.84097222 | D36: =DETAILS!K171 -> 0.86180556 | E36: =D36-C36 -> 0.020833333 | F36: =(E36/G36)+1 -> 6 | G36: =DETAILS!J169 -> 0.0041666667
C37: =DETAILS!K172 -> 0.86666667 | D37: =DETAILS!K178 -> 0.89583333 | E37: =D37-C37 -> 0.029166667 | F37: =(E37/G37)+1 -> 7 | G37: =DETAILS!J176 -> 0.0048611111
C38: Sub-total Backward | E38: =SUM(E29:E36) -> 0.58194444 | F38: =SUM(F29:F37) -> 167
C39: Total Trips | F39: =F38+F28 -> 330
C40: Time/ Location | D40: Direction | F40: TRIPS | G40: Total
C41: Depot | D41: Dabgari Gardens | E41: Morning Dead Trips | F41: 8 | I41: Morning Dead Trips
C42: Depot | D42: kohat Adda | F42: 4
C43: Dabgari Gardens | D43: Depot | E43: Evening Dead Trips | F43: 12 | I43: Evening Dead Trips
C44: kohat Adda | D44: Depot | F44: 0
B45: Total Dead Trip | C45: Depot to Dabgari Garden & Back (including dead trips on Sr 2) | F45: =F41+F43 -> 20 | I45: Total Dead Trip
C46: Depot to Kohat Adda & Back | F46: =F42+F44 -> 4
C47: Total Dead Trips | F47: =F45+F46 -> 24

Sheet DETAILS
B1: Headway B1 F | C1: 0.010416667 | E1: Layover B1 | F1: 0.013888889 | G1: 0.017361111 | I1: Headway B1 B | J1: 0.010416667 | L1: Layover B1 | M1: 0.0125 | N1: 0.0048611111
B2: Headway B2 F | C2: 0.0069444444 | E2: Layover B2 | F2: 0.011805556 | G2: 0.015277778 | I2: Headway B2 B | J2: 0.0069444444 | L2: Layover B2 | M2: 0.011805556 | N2: 24
B3: Headway B3 F | C3: 0.0041666667 | D3: 0.0041666667 | E3: Layover B3 | F3: 0.010416667 | I3: Headway B3 B | J3: 0.0048611111 | L3: Layover B3 | M3: 0.010416667
B4: Headway B4 F | C4: 0.0083333333 | D4: 0.0048611111 | E4: Layover B4 | F4: 0.0097222222 | G4: 0.0013888889 | I4: Headway B4 B | J4: 0.0083333333 | L4: Layover B4 | M4: 0.0097222222 | N4: 0.016666667
B5: Headway B3 F | C5: 0.0034722222 | E5: Layover B5 | F5: 0.0069444444 | I5: Start of Operation | J5: 0.25 | L5: Layover B5 | M5: 0.0083333333 | N5: 0.0090277778
E6: Layover B6 | F6: 0.0076388889 | I6: Travel Time | J6: 0.013888889 | L6: Layover B6 | M6: 0.0076388889
B7: Start of Operation | C7: 0.25 | E7: Layover B7 | F7: 0.010416667 | J7: 0.0048611111 | L7: Layover B7 | M7: 0.010416667
B8: Travel Time | C8: 0.013888889 | E8: Layover B8 | F8: 0.0048611111 | G8: 0.0055555556 | L8: Layover B8 | M8: 0.0055555556
M9: 0.0034722222
A10: FORWARD DIRECTION (Dabgari Gardens to Kohat Adda ) | I10: BACKWARD DIRECTION ( Kohat Adda to Dabgari Gardens )
A11: Trips NO | B11: Bus No | C11: Headway | D11: Trip Start Time at Dabgari Gardens | E11: Trip End Time at Kohat Adda | F11: Layover Time at Kohat Adda | G11: Readiness for BWD | I11: Bus No | J11: Headway | K11: Trip Start Time Kohat Adda | L11: Trip End Time Dabgari Gardens | M11: Layover Time at Dabgari Gardens | N11: Readiness for FWD
A12: 1 | B12: 1 | D12: =C7 -> 0.25 | E12: =D12+$C$8 -> 0.26388889 | F12: 0.013888889 | G12: =E12+F12 -> 0.27777778 | I12: 9 | K12: =J5 -> 0.25 | L12: =K12+$J$6 -> 0.26388889 | M12: Reserve at Dabgari &move back to depot @ 21:00 pm
A13: 2 | B13: 2 | C13: =C$1 -> 0.010416667 | D13: =C13+D12 -> 0.26041667 | E13: =D13+$C$8 -> 0.27430556 | F13: 0.0069444444 | G13: =E13+F13 -> 0.28125 | I13: 10 | J13: =C13 -> 0.010416667 | K13: =K12+J13 -> 0.26041667 | L13: =K13+$J$6 -> 0.27430556 | M13: Reserve at Dabgari & induct back @ 12:05 pm
A14: 3 | B14: 3 | C14: 0.0069444444 | D14: =D13+C14 -> 0.26736111 | E14: =D14+$C$8 -> 0.28125 | F14: 0.0034722222 | G14: =E14+F14 -> 0.28472222 | I14: 11 | J14: =C14 -> 0.0069444444 | K14: =K13+J14 -> 0.26736111 | L14: =K14+$J$6 -> 0.28125 | M14: 0.0069444444 | N14: =L14+M14 -> 0.28819444
A15: 4 | B15: 4 | C15: 0.0034722222 | D15: =D14+C15 -> 0.27083333 | E15: =D15+$C$8 -> 0.28472222 | F15: 0.0034722222 | G15: =E15+F15 -> 0.28819444 | I15: 12 | J15: 0.0069444444 | K15: =K14+J15 -> 0.27430556 | L15: =K15+$J$6 -> 0.28819444 | M15: 0.0034722222 | N15: =L15+M15 -> 0.29166667
A16: 5 | B16: 5 | C16: =C$5 -> 0.0034722222 | D16: =D15+C16 -> 0.27430556 | E16: =D16+$C$8 -> 0.28819444 | F16: 0.0034722222 | G16: =E16+F16 -> 0.29166667 | I16: =B12 -> 1 | J16: =C16 -> 0.0034722222 | K16: =K15+J16 -> 0.27777778 | L16: =K16+$J$6 -> 0.29166667 | M16: 0.0034722222 | N16: =L16+M16 -> 0.29513889
A17: 6 | B17: 6 | C17: =C$5 -> 0.0034722222 | D17: =D16+C17 -> 0.27777778 | E17: =D17+$C$8 -> 0.29166667 | F17: 0.0034722222 | G17: =E17+F17 -> 0.29513889 | I17: =B13 -> 2 | J17: =C17 -> 0.0034722222 | K17: =K16+J17 -> 0.28125 | L17: =K17+$J$6 -> 0.29513889 | M17: 0.0034722222 | N17: =L17+M17 -> 0.29861111
A18: 7 | B18: 7 | C18: =C$5 -> 0.0034722222 | D18: =D17+C18 -> 0.28125 | E18: =D18+$C$8 -> 0.29513889 | F18: 0.0034722222 | G18: =E18+F18 -> 0.29861111 | I18: =B14 -> 3 | J18: =C18 -> 0.0034722222 | K18: =K17+J18 -> 0.28472222 | L18: =K18+$J$6 -> 0.29861111 | M18: 0.0034722222 | N18: =L18+M18 -> 0.30208333
A19: 8 | B19: 8 | C19: =C$5 -> 0.0034722222 | D19: =D18+C19 -> 0.28472222 | E19: =D19+$C$8 -> 0.29861111 | F19: 0.0034722222 | G19: =E19+F19 -> 0.30208333 | I19: =B15 -> 4 | J19: =C19 -> 0.0034722222 | K19: =K18+J19 -> 0.28819444 | L19: =K19+$J$6 -> 0.30208333 | M19: 0.0034722222 | N19: =L19+M19 -> 0.30555556
A20: 9 | B20: =I14 -> 11 | C20: =C$5 -> 0.0034722222 | D20: =D19+C20 -> 0.28819444 | E20: =D20+$C$8 -> 0.30208333 | F20: 0.0034722222 | G20: =E20+F20 -> 0.30555556 | I20: =B16 -> 5 | J20: =C20 -> 0.0034722222 | K20: =K19+J20 -> 0.29166667 | L20: =K20+$J$6 -> 0.30555556 | M20: 0.0034722222 | N20: =L20+M20 -> 0.30902778
A21: 10 | B21: =I15 -> 12 | C21: =C$5 -> 0.0034722222 | D21: =D20+C21 -> 0.29166667 | E21: =D21+$C$8 -> 0.30555556 | F21: 0.0034722222 | G21: =E21+F21 -> 0.30902778 | I21: =B17 -> 6 | J21: =C21 -> 0.0034722222 | K21: =K20+J21 -> 0.29513889 | L21: =K21+$J$6 -> 0.30902778 | M21: 0.0034722222 | N21: =L21+M21 -> 0.3125
A22: 11 | B22: =I16 -> 1 | C22: =C$5 -> 0.0034722222 | D22: =D21+C22 -> 0.29513889 | E22: =D22+$C$8 -> 0.30902778 | F22: 0.0034722222 | G22: =E22+F22 -> 0.3125 | I22: =B18 -> 7 | J22: =C22 -> 0.0034722222 | K22: =K21+J22 -> 0.29861111 | L22: =K22+$J$6 -> 0.3125 | M22: 0.0034722222 | N22: =L22+M22 -> 0.31597222
A23: 12 | B23: =I17 -> 2 | C23: =C$5 -> 0.0034722222 | D23: =D22+C23 -> 0.29861111 | E23: =D23+$C$8 -> 0.3125 | F23: 0.0034722222 | G23: =E23+F23 -> 0.31597222 | I23: =B19 -> 8 | J23: =C23 -> 0.0034722222 | K23: =K22+J23 -> 0.30208333 | L23: =K23+$J$6 -> 0.31597222 | M23: 0.0034722222 | N23: =L23+M23 -> 0.31944444
A24: 13 | B24: =I18 -> 3 | C24: =C$5 -> 0.0034722222 | D24: =D23+C24 -> 0.30208333 | E24: =D24+$C$8 -> 0.31597222 | F24: 0.0034722222 | G24: =E24+F24 -> 0.31944444 | I24: =B20 -> 11 | J24: =C24 -> 0.0034722222 | K24: =K23+J24 -> 0.30555556 | L24: =K24+$J$6 -> 0.31944444 | M24: 0.0034722222 | N24: =L24+M24 -> 0.32291667
A25: 14 | B25: =I19 -> 4 | C25: =C$5 -> 0.0034722222 | D25: =D24+C25 -> 0.30555556 | E25: =D25+$C$8 -> 0.31944444 | F25: 0.0034722222 | G25: =E25+F25 -> 0.32291667 | I25: =B21 -> 12 | J25: =C25 -> 0.0034722222 | K25: =K24+J25 -> 0.30902778 | L25: =K25+$J$6 -> 0.32291667 | M25: 0.0034722222 | N25: =L25+M25 -> 0.32638889
A26: 15 | B26: =I20 -> 5 | C26: =C$5 -> 0.0034722222 | D26: =D25+C26 -> 0.30902778 | E26: =D26+$C$8 -> 0.32291667 | F26: 0.0034722222 | G26: =E26+F26 -> 0.32638889 | I26: =B22 -> 1 | J26: =C26 -> 0.0034722222 | K26: =K25+J26 -> 0.3125 | L26: =K26+$J$6 -> 0.32638889 | M26: 0.0034722222 | N26: =L26+M26 -> 0.32986111
A27: 16 | B27: =I21 -> 6 | C27: =C$5 -> 0.0034722222 | D27: =D26+C27 -> 0.3125 | E27: =D27+$C$8 -> 0.32638889 | F27: 0.0034722222 | G27: =E27+F27 -> 0.32986111 | I27: =B23 -> 2 | J27: =C27 -> 0.0034722222 | K27: =K26+J27 -> 0.31597222 | L27: =K27+$J$6 -> 0.32986111 | M27: 0.0034722222 | N27: =L27+M27 -> 0.33333333
A28: 17 | B28: =I22 -> 7 | C28: =C$5 -> 0.0034722222 | D28: =D27+C28 -> 0.31597222 | E28: =D28+$C$8 -> 0.32986111 | F28: 0.0034722222 | G28: =E28+F28 -> 0.33333333 | I28: =B24 -> 3 | J28: =C28 -> 0.0034722222 | K28: =K27+J28 -> 0.31944444 | L28: =K28+$J$6 -> 0.33333333 | M28: 0.0034722222 | N28: =L28+M28 -> 0.33680556
A29: 18 | B29: =I23 -> 8 | C29: =C$5 -> 0.0034722222 | D29: =D28+C29 -> 0.31944444 | E29: =D29+$C$8 -> 0.33333333 | F29: 0.0034722222 | G29: =E29+F29 -> 0.33680556 | I29: =B25 -> 4 | J29: =C29 -> 0.0034722222 | K29: =K28+J29 -> 0.32291667 | L29: =K29+$J$6 -> 0.33680556 | M29: 0.0034722222 | N29: =L29+M29 -> 0.34027778
A30: 19 | B30: =I24 -> 11 | C30: =C$5 -> 0.0034722222 | D30: =D29+C30 -> 0.32291667 | E30: =D30+$C$8 -> 0.33680556 | F30: 0.0034722222 | G30: =E30+F30 -> 0.34027778 | I30: =B26 -> 5 | J30: =C30 -> 0.0034722222 | K30: =K29+J30 -> 0.32638889 | L30: =K30+$J$6 -> 0.34027778 | M30: 0.0034722222 | N30: =L30+M30 -> 0.34375
A31: 20 | B31: =I25 -> 12 | C31: =C$5 -> 0.0034722222 | D31: =D30+C31 -> 0.32638889 | E31: =D31+$C$8 -> 0.34027778 | F31: 0.0034722222 | G31: =E31+F31 -> 0.34375 | I31: =B27 -> 6 | J31: =C31 -> 0.0034722222 | K31: =K30+J31 -> 0.32986111 | L31: =K31+$J$6 -> 0.34375 | M31: 0.0034722222 | N31: =L31+M31 -> 0.34722222
... A43: 32 | B43: =I37 -> 2 | C43: =C$5 -> 0.0034722222 | D43: =D42+C43 -> 0.36805556 | E43: =D43+$C$8 -> 0.38194444 | F43: 0.0048611111 | G43: =E43+F43 -> 0.38680556 | I43: =B39 -> 8 | J43: =C43 -> 0.0034722222 | K43: =K42+J43 -> 0.37152778 | L43: =K43+$J$6 -> 0.38541667 | M43: 0.00625 | N43: =L43+M43 -> 0.39166667
A44: 33 | B44: =I38 -> 3 | C44: =C$5 -> 0.0034722222 | D44: =D43+C44 -> 0.37152778 | E44: =D44+$C$8 -> 0.38541667 | F44: 0.0055555556 | G44: =E44+F44 -> 0.39097222 | I44: =B40 -> 11 | J44: =C44 -> 0.0034722222 | K44: =K43+J44 -> 0.375 | L44: =K44+$J$6 -> 0.38888889 | M44: Reserve at Dabgari & induct back @ 12:35 pm
A45: 34 | B45: =I39 -> 4 | C45: =C$5 -> 0.0034722222 | D45: =D44+C45 -> 0.375 | E45: =D45+$C$8 -> 0.38888889 | F45: 0.00625 | G45: =E45+F45 -> 0.39513889 | I45: =B41 -> 12 | J45: =C45 -> 0.0034722222 | K45: =K44+J45 -> 0.37847222 | L45: =K45+$J$6 -> 0.39236111 | M45: 0.0034722222 | N45: =L45+M45 -> 0.39583333
A46: 35 | B46: =I40 -> 5 | C46: =D$3 -> 0.0041666667 | D46: =D45+C46 -> 0.37916667 | E46: =D46+$C$8 -> 0.39305556 | F46: 0.00625 | G46: =E46+F46 -> 0.39930556 | I46: =B42 -> 1 | J46: =C46 -> 0.0041666667 | K46: =K45+J46 -> 0.38263889 | L46: =K46+$J$6 -> 0.39652778 | M46: 0.0034722222 | N46: =L46+M46 -> 0.4
A47: 36 | B47: =I41 -> 6 | C47: =D$3 -> 0.0041666667 | D47: =D46+C47 -> 0.38333333 | E47: =D47+$C$8 -> 0.39722222 | F47: 0.00625 | G47: =E47+F47 -> 0.40347222 | I47: =B43 -> 2 | J47: =C47 -> 0.0041666667 | K47: =K46+J47 -> 0.38680556 | L47: =K47+$J$6 -> 0.40069444 | M47: 0.0034722222 | N47: =L47+M47 -> 0.40416667
A48: 37 | B48: =I42 -> 7 | C48: =D$3 -> 0.0041666667 | D48: =D47+C48 -> 0.3875 | E48: =D48+$C$8 -> 0.40138889 | F48: 0.00625 | G48: =E48+F48 -> 0.40763889 | I48: =B44 -> 3 | J48: =C48 -> 0.0041666667 | K48: =K47+J48 -> 0.39097222 | L48: =K48+$J$6 -> 0.40486111 | M48: 0.0034722222 | N48: =L48+M48 -> 0.40833333
A49: 38 | B49: =I43 -> 8 | C49: =D$3 -> 0.0041666667 | D49: =D48+C49 -> 0.39166667 | E49: =D49+$C$8 -> 0.40555556 | F49: 0.00625 | G49: =E49+F49 -> 0.41180556 | I49: =B45 -> 4 | J49: =C49 -> 0.0041666667 | K49: =K48+J49 -> 0.39513889 | L49: =K49+$J$6 -> 0.40902778 | M49: 0.0034722222 | N49: =L49+M49 -> 0.4125
A50: 39 | B50: =I45 -> 12 | C50: =D$3 -> 0.0041666667 | D50: =D49+C50 -> 0.39583333 | E50: =D50+$C$8 -> 0.40972222 | F50: 0.00625 | G50: =E50+F50 -> 0.41597222 | I50: =B46 -> 5 | J50: =C50 -> 0.0041666667 | K50: =K49+J50 -> 0.39930556 | L50: =K50+$J$6 -> 0.41319444 | M50: 0.0034722222 | N50: =L50+M50 -> 0.41666667
A51: 40 | B51: =I46 -> 1 | C51: =D$3 -> 0.0041666667 | D51: =D50+C51 -> 0.4 | E51: =D51+$C$8 -> 0.41388889 | F51: 0.00625 | G51: =E51+F51 -> 0.42013889 | I51: =B47 -> 6 | J51: =C51 -> 0.0041666667 | K51: =K50+J51 -> 0.40347222 | L51: =K51+$J$6 -> 0.41736111 | M51: 0.0034722222 | N51: =L51+M51 -> 0.42083333
A52: 41 | B52: =I47 -> 2 | C52: =D$3 -> 0.0041666667 | D52: =D51+C52 -> 0.40416667 | E52: =D52+$C$8 -> 0.41805556 | F52: 0.00625 | G52: =E52+F52 -> 0.42430556 | I52: =B48 -> 7 | J52: =C52 -> 0.0041666667 | K52: =K51+J52 -> 0.40763889 | L52: =K52+$J$6 -> 0.42152778 | M52: 0.0034722222 | N52: =L52+M52 -> 0.425
A53: 42 | B53: =I48 -> 3 | C53: =D$3 -> 0.0041666667 | D53: =D52+C53 -> 0.40833333 | E53: =D53+$C$8 -> 0.42222222 | F53: 0.00625 | G53: =E53+F53 -> 0.42847222 | I53: =B49 -> 8 | J53: =C53 -> 0.0041666667 | K53: =K52+J53 -> 0.41180556 | L53: =K53+$J$6 -> 0.42569444 | M53: 0.0034722222 | N53: =L53+M53 -> 0.42916667
A54: 43 | B54: =I49 -> 4 | C54: =D$3 -> 0.0041666667 | D54: =D53+C54 -> 0.4125 | E54: =D54+$C$8 -> 0.42638889 | F54: 0.00625 | G54: =E54+F54 -> 0.43263889 | I54: =B50 -> 12 | J54: =C54 -> 0.0041666667 | K54: =K53+J54 -> 0.41597222 | L54: =K54+$J$6 -> 0.42986111 | M54: 0.0034722222 | N54: =L54+M54 -> 0.43333333
A55: 44 | B55: =I50 -> 5 | C55: =D$3 -> 0.0041666667 | D55: =D54+C55 -> 0.41666667 | E55: =D55+$C$8 -> 0.43055556 | F55: 0.00625 | G55: =E55+F55 -> 0.43680556 | I55: =B51 -> 1 | J55: =C55 -> 0.0041666667 | K55: =K54+J55 -> 0.42013889 | L55: =K55+$J$6 -> 0.43402778 | M55: 0.0034722222 | N55: =L55+M55 -> 0.4375
A56: 45 | B56: =I51 -> 6 | C56: =D$3 -> 0.0041666667 | D56: =D55+C56 -> 0.42083333 | E56: =D56+$C$8 -> 0.43472222 | F56: 0.00625 | G56: =E56+F56 -> 0.44097222 | I56: =B52 -> 2 | J56: =C56 -> 0.0041666667 | K56: =K55+J56 -> 0.42430556 | L56: =K56+$J$6 -> 0.43819444 | M56: 0.0034722222 | N56: =L56+M56 -> 0.44166667
A57: 46 | B57: =I52 -> 7 | C57: =D$3 -> 0.0041666667 | D57: =D56+C57 -> 0.425 | E57: =D57+$C$8 -> 0.43888889 | F57: 0.00625 | G57: =E57+F57 -> 0.44513889 | I57: =B53 -> 3 | J57: =C57 -> 0.0041666667 | K57: =K56+J57 -> 0.42847222 | L57: =K57+$J$6 -> 0.44236111 | M57: 0.0034722222 | N57: =L57+M57 -> 0.44583333
A58: 47 | B58: =I53 -> 8 | C58: =D$3 -> 0.0041666667 | D58: =D57+C58 -> 0.42916667 | E58: =D58+$C$8 -> 0.44305556 | F58: 0.00625 | G58: =E58+F58 -> 0.44930556 | I58: =B54 -> 4 | J58: =C58 -> 0.0041666667 | K58: =K57+J58 -> 0.43263889 | L58: =K58+$J$6 -> 0.44652778 | M58: 0.0034722222 | N58: =L58+M58 -> 0.45
A59: 48 | B59: =I54 -> 12 | C59: =D$3 -> 0.0041666667 | D59: =D58+C59 -> 0.43333333 | E59: =D59+$C$8 -> 0.44722222 | F59: 0.00625 | G59: =E59+F59 -> 0.45347222 | I59: =B55 -> 5 | J59: =C59 -> 0.0041666667 | K59: =K58+J59 -> 0.43680556 | L59: =K59+$J$6 -> 0.45069444 | M59: 0.0034722222 | N59: =L59+M59 -> 0.45416667
A60: 49 | B60: =I55 -> 1 | C60: =D$3 -> 0.0041666667 | D60: =D59+C60 -> 0.4375 | E60: =D60+$C$8 -> 0.45138889 | F60: 0.00625 | G60: =E60+F60 -> 0.45763889 | I60: =B56 -> 6 | J60: =C60 -> 0.0041666667 | K60: =K59+J60 -> 0.44097222 | L60: =K60+$J$6 -> 0.45486111 | M60: 0.0034722222 | N60: =L60+M60 -> 0.45833333
A61: 50 | B61: =I56 -> 2 | C61: =D$3 -> 0.0041666667 | D61: =D60+C61 -> 0.44166667 | E61: =D61+$C$8 -> 0.45555556 | F61: 0.00625 | G61: =E61+F61 -> 0.46180556 | I61: =B57 -> 7 | J61: =C61 -> 0.0041666667 | K61: =K60+J61 -> 0.44513889 | L61: =K61+$J$6 -> 0.45902778 | M61: 0.0034722222 | N61: =L61+M61 -> 0.4625
... A75: 64 | B75: =I70 -> 7 | C75: =D$3 -> 0.0041666667 | D75: =D74+C75 -> 0.5 | E75: =D75+$C$8 -> 0.51388889 | F75: 0.0034722222 | G75: =E75+F75 -> 0.51736111 | I75: =B71 -> 3 | J75: =C75 -> 0.0041666667 | K75: =K74+J75 -> 0.50347222 | L75: =K75+$J$6 -> 0.51736111 | M75: 0.0034722222 | N75: =L75+M75 -> 0.52083333
A76: 65 | B76: 10 | C76: =C$5 -> 0.0034722222 | D76: =D75+C76 -> 0.50347222 | E76: =D76+$C$8 -> 0.51736111 | F76: 0.0034722222 | G76: =E76+F76 -> 0.52083333 | I76: =B72 -> 4 | J76: =C76 -> 0.0034722222 | K76: =K75+J76 -> 0.50694444 | L76: =K76+$J$6 -> 0.52083333 | M76: 0.0069444444 | N76: =L76+M76 -> 0.52777778
A77: 66 | B77: =I71 -> 8 | C77: =C$5 -> 0.0034722222 | D77: =D76+C77 -> 0.50694444 | E77: =D77+$C$8 -> 0.52083333 | F77: 0.0034722222 | G77: =E77+F77 -> 0.52430556 | I77: =B73 -> 5 | J77: =C77 -> 0.0034722222 | K77: =K76+J77 -> 0.51041667 | L77: =K77+$J$6 -> 0.52430556 | M77: 0.0069444444 | N77: =L77+M77 -> 0.53125
A78: 67 | B78: =I72 -> 12 | C78: =C$5 -> 0.0034722222 | D78: =D77+C78 -> 0.51041667 | E78: =D78+$C$8 -> 0.52430556 | F78: 0.0034722222 | G78: =E78+F78 -> 0.52777778 | I78: =B74 -> 6 | J78: =C78 -> 0.0034722222 | K78: =K77+J78 -> 0.51388889 | L78: =K78+$J$6 -> 0.52777778 | M78: 0.0069444444 | N78: =L78+M78 -> 0.53472222
A79: 68 | B79: =I73 -> 1 | C79: =C$5 -> 0.0034722222 | D79: =D78+C79 -> 0.51388889 | E79: =D79+$C$8 -> 0.52777778 | F79: 0.0034722222 | G79: =E79+F79 -> 0.53125 | I79: =B75 -> 7 | J79: =C79 -> 0.0034722222 | K79: =K78+J79 -> 0.51736111 | L79: =K79+$J$6 -> 0.53125 | M79: 0.0069444444 | N79: =L79+M79 -> 0.53819444
A80: 69 | B80: =I74 -> 2 | C80: =C$5 -> 0.0034722222 | D80: =D79+C80 -> 0.51736111 | E80: =D80+$C$8 -> 0.53125 | F80: 0.0034722222 | G80: =E80+F80 -> 0.53472222 | I80: =B76 -> 10 | J80: =C80 -> 0.0034722222 | K80: =K79+J80 -> 0.52083333 | L80: =K80+$J$6 -> 0.53472222 | M80: 0.0069444444 | N80: =L80+M80 -> 0.54166667
A81: 70 | B81: =I75 -> 3 | C81: =C$5 -> 0.0034722222 | D81: =D80+C81 -> 0.52083333 | E81: =D81+$C$8 -> 0.53472222 | F81: 0.0034722222 | G81: =E81+F81 -> 0.53819444 | I81: =B77 -> 8 | J81: =C81 -> 0.0034722222 | K81: =K80+J81 -> 0.52430556 | L81: =K81+$J$6 -> 0.53819444 | M81: 0.0069444444 | N81: =L81+M81 -> 0.54513889
A82: 71 | B82: 11 | C82: =C$5 -> 0.0034722222 | D82: =D81+C82 -> 0.52430556 | E82: =D82+$C$8 -> 0.53819444 | F82: 0.0034722222 | G82: =E82+F82 -> 0.54166667 | I82: =B78 -> 12 | J82: =C82 -> 0.0034722222 | K82: =K81+J82 -> 0.52777778 | L82: =K82+$J$6 -> 0.54166667 | M82: 0.0069444444 | N82: =L82+M82 -> 0.54861111
A83: 72 | B83: =I76 -> 4 | C83: =C$5 -> 0.0034722222 | D83: =D82+C83 -> 0.52777778 | E83: =D83+$C$8 -> 0.54166667 | F83: 0.0034722222 | G83: =E83+F83 -> 0.54513889 | I83: =B79 -> 1 | J83: =C83 -> 0.0034722222 | K83: =K82+J83 -> 0.53125 | L83: =K83+$J$6 -> 0.54513889 | M83: 0.0069444444 | N83: =L83+M83 -> 0.55208333
A84: 73 | B84: =I77 -> 5 | C84: =C$5 -> 0.0034722222 | D84: =D83+C84 -> 0.53125 | E84: =D84+$C$8 -> 0.54513889 | F84: 0.0034722222 | G84: =E84+F84 -> 0.54861111 | I84: =B80 -> 2 | J84: =C84 -> 0.0034722222 | K84: =K83+J84 -> 0.53472222 | L84: =K84+$J$6 -> 0.54861111 | M84: 0.0069444444 | N84: =L84+M84 -> 0.55555556
A85: 74 | B85: =I78 -> 6 | C85: =C$5 -> 0.0034722222 | D85: =D84+C85 -> 0.53472222 | E85: =D85+$C$8 -> 0.54861111 | F85: 0.0034722222 | G85: =E85+F85 -> 0.55208333 | I85: =B81 -> 3 | J85: =C85 -> 0.0034722222 | K85: =K84+J85 -> 0.53819444 | L85: =K85+$J$6 -> 0.55208333 | M85: 0.0069444444 | N85: =L85+M85 -> 0.55902778
A86: 75 | B86: =I79 -> 7 | C86: =C$5 -> 0.0034722222 | D86: =D85+C86 -> 0.53819444 | E86: =D86+$C$8 -> 0.55208333 | F86: 0.0034722222 | G86: =E86+F86 -> 0.55555556 | I86: =B82 -> 11 | J86: =C86 -> 0.0034722222 | K86: =K85+J86 -> 0.54166667 | L86: =K86+$J$6 -> 0.55555556 | M86: 0.0069444444 | N86: =L86+M86 -> 0.5625
A87: 76 | B87: =I80 -> 10 | C87: =C$5 -> 0.0034722222 | D87: =D86+C87 -> 0.54166667 | E87: =D87+$C$8 -> 0.55555556 | F87: 0.0034722222 | G87: =E87+F87 -> 0.55902778 | I87: =B83 -> 4 | J87: =C87 -> 0.0034722222 | K87: =K86+J87 -> 0.54513889 | L87: =K87+$J$6 -> 0.55902778 | M87: 0.0069444444 | N87: =L87+M87 -> 0.56597222
A88: 77 | B88: =I81 -> 8 | C88: =C$5 -> 0.0034722222 | D88: =D87+C88 -> 0.54513889 | E88: =D88+$C$8 -> 0.55902778 | F88: 0.0034722222 | G88: =E88+F88 -> 0.5625 | I88: =B84 -> 5 | J88: =C88 -> 0.0034722222 | K88: =K87+J88 -> 0.54861111 | L88: =K88+$J$6 -> 0.5625 | M88: 0.0069444444 | N88: =L88+M88 -> 0.56944444
A89: 78 | B89: =I82 -> 12 | C89: =C$5 -> 0.0034722222 | D89: =D88+C89 -> 0.54861111 | E89: =D89+$C$8 -> 0.5625 | F89: 0.0034722222 | G89: =E89+F89 -> 0.56597222 | I89: =B85 -> 6 | J89: =C89 -> 0.0034722222 | K89: =K88+J89 -> 0.55208333 | L89: =K89+$J$6 -> 0.56597222 | M89: 0.0069444444 | N89: =L89+M89 -> 0.57291667
A90: 79 | B90: =I83 -> 1 | C90: =C$5 -> 0.0034722222 | D90: =D89+C90 -> 0.55208333 | E90: =D90+$C$8 -> 0.56597222 | F90: 0.0034722222 | G90: =E90+F90 -> 0.56944444 | I90: =B86 -> 7 | J90: =C90 -> 0.0034722222 | K90: =K89+J90 -> 0.55555556 | L90: =K90+$J$6 -> 0.56944444 | M90: 0.0069444444 | N90: =L90+M90 -> 0.57638889
A91: 80 | B91: =I84 -> 2 | C91: =C$5 -> 0.0034722222 | D91: =D90+C91 -> 0.55555556 | E91: =D91+$C$8 -> 0.56944444 | F91: 0.0034722222 | G91: =E91+F91 -> 0.57291667 | I91: =B87 -> 10 | J91: =C91 -> 0.0034722222 | K91: =K90+J91 -> 0.55902778 | L91: =K91+$J$6 -> 0.57291667 | M91: 0.0069444444 | N91: =L91+M91 -> 0.57986111
A92: 81 | B92: =I85 -> 3 | C92: =C$5 -> 0.0034722222 | D92: =D91+C92 -> 0.55902778 | E92: =D92+$C$8 -> 0.57291667 | F92: 0.0034722222 | G92: =E92+F92 -> 0.57638889 | I92: =B88 -> 8 | J92: =C92 -> 0.0034722222 | K92: =K91+J92 -> 0.5625 | L92: =K92+$J$6 -> 0.57638889 | M92: 0.0069444444 | N92: =L92+M92 -> 0.58333333
A93: 82 | B93: =I86 -> 11 | C93: =C$5 -> 0.0034722222 | D93: =D92+C93 -> 0.5625 | E93: =D93+$C$8 -> 0.57638889 | F93: 0.0034722222 | G93: =E93+F93 -> 0.57986111 | I93: =B89 -> 12 | J93: =C93 -> 0.0034722222 | K93: =K92+J93 -> 0.56597222 | L93: =K93+$J$6 -> 0.57986111 | M93: 0.0076388889 | N93: =L93+M93 -> 0.5875
A94: 83 | B94: =I87 -> 4 | C94: =C$5 -> 0.0034722222 | D94: =D93+C94 -> 0.56597222 | E94: =D94+$C$8 -> 0.57986111 | F94: 0.0034722222 | G94: =E94+F94 -> 0.58333333 | I94: =B90 -> 1 | J94: =C94 -> 0.0034722222 | K94: =K93+J94 -> 0.56944444 | L94: =K94+$J$6 -> 0.58333333 | M94: 0.0083333333 | N94: =L94+M94 -> 0.59166667
... A98: 87 | B98: =I91 -> 10 | C98: =C$5 -> 0.0034722222 | D98: =D97+C98 -> 0.57986111 | E98: =D98+$C$8 -> 0.59375 | F98: 0.0055555556 | G98: =E98+F98 -> 0.59930556 | I98: =B94 -> 4 | J98: =C98 -> 0.0034722222 | K98: =K97+J98 -> 0.58333333 | L98: =K98+$J$6 -> 0.59722222 | M98: 0.011111111 | N98: =L98+M98 -> 0.60833333
A99: 88 | B99: =I92 -> 8 | C99: =C$5 -> 0.0034722222 | D99: =D98+C99 -> 0.58333333 | E99: =D99+$C$8 -> 0.59722222 | F99: 0.00625 | G99: =E99+F99 -> 0.60347222 | I99: =B95 -> 5 | J99: =C99 -> 0.0034722222 | K99: =K98+J99 -> 0.58680556 | L99: =K99+$J$6 -> 0.60069444 | M99: Move to Depot
A100: 89 | B100: =I93 -> 12 | C100: =D$3 -> 0.0041666667 | D100: =D99+C100 -> 0.5875 | E100: =D100+$C$8 -> 0.60138889 | F100: 0.00625 | G100: =E100+F100 -> 0.60763889 | I100: =B96 -> 6 | J100: =C100 -> 0.0041666667 | K100: =K99+J100 -> 0.59097222 | L100: =K100+$J$6 -> 0.60486111 | M100: 0.0076388889 | N100: =L100+M100 -> 0.6125
A101: 90 | B101: =I94 -> 1 | C101: =D$3 -> 0.0041666667 | D101: =D100+C101 -> 0.59166667 | E101: =D101+$C$8 -> 0.60555556 | F101: 0.00625 | G101: =E101+F101 -> 0.61180556 | I101: =B97 -> 7 | J101: =C101 -> 0.0041666667 | K101: =K100+J101 -> 0.59513889 | L101: =K101+$J$6 -> 0.60902778 | M101: 0.0076388889 | N101: =L101+M101 -> 0.61666667
A102: 91 | B102: =I95 -> 2 | C102: =D$3 -> 0.0041666667 | D102: =D101+C102 -> 0.59583333 | E102: =D102+$C$8 -> 0.60972222 | F102: 0.00625 | G102: =E102+F102 -> 0.61597222 | I102: =B98 -> 10 | J102: =C102 -> 0.0041666667 | K102: =K101+J102 -> 0.59930556 | L102: =K102+$J$6 -> 0.61319444 | M102: 0.0076388889 | N102: =L102+M102 -> 0.62083333
A103: 92 | B103: =I96 -> 3 | C103: =D$3 -> 0.0041666667 | D103: =D102+C103 -> 0.6 | E103: =D103+$C$8 -> 0.61388889 | F103: 0.00625 | G103: =E103+F103 -> 0.62013889 | I103: =B99 -> 8 | J103: =C103 -> 0.0041666667 | K103: =K102+J103 -> 0.60347222 | L103: =K103+$J$6 -> 0.61736111 | M103: 0.0076388889 | N103: =L103+M103 -> 0.625
A104: 93 | B104: =I97 -> 11 | C104: =D$3 -> 0.0041666667 | D104: =D103+C104 -> 0.60416667 | E104: =D104+$C$8 -> 0.61805556 | F104: 0.00625 | G104: =E104+F104 -> 0.62430556 | I104: =B100 -> 12 | J104: =C104 -> 0.0041666667 | K104: =K103+J104 -> 0.60763889 | L104: =K104+$J$6 -> 0.62152778 | M104: 0.0076388889 | N104: =L104+M104 -> 0.62916667
A105: 94 | B105: =I98 -> 4 | C105: =D$3 -> 0.0041666667 | D105: =D104+C105 -> 0.60833333 | E105: =D105+$C$8 -> 0.62222222 | F105: 0.00625 | G105: =E105+F105 -> 0.62847222 | I105: =B101 -> 1 | J105: =C105 -> 0.0041666667 | K105: =K104+J105 -> 0.61180556 | L105: =K105+$J$6 -> 0.62569444 | M105: 0.0076388889 | N105: =L105+M105 -> 0.63333333
A106: 95 | B106: =I100 -> 6 | C106: =D$3 -> 0.0041666667 | D106: =D105+C106 -> 0.6125 | E106: =D106+$C$8 -> 0.62638889 | F106: 0.00625 | G106: =E106+F106 -> 0.63263889 | I106: =B102 -> 2 | J106: =C106 -> 0.0041666667 | K106: =K105+J106 -> 0.61597222 | L106: =K106+$J$6 -> 0.62986111 | M106: 0.0076388889 | N106: =L106+M106 -> 0.6375
A107: 96 | B107: =I101 -> 7 | C107: =D$3 -> 0.0041666667 | D107: =D106+C107 -> 0.61666667 | E107: =D107+$C$8 -> 0.63055556 | F107: 0.00625 | G107: =E107+F107 -> 0.63680556 | I107: =B103 -> 3 | J107: =C107 -> 0.0041666667 | K107: =K106+J107 -> 0.62013889 | L107: =K107+$J$6 -> 0.63402778 | M107: 0.0076388889 | N107: =L107+M107 -> 0.64166667
A108: 97 | B108: =I102 -> 10 | C108: =D$3 -> 0.0041666667 | D108: =D107+C108 -> 0.62083333 | E108: =D108+$C$8 -> 0.63472222 | F108: 0.00625 | G108: =E108+F108 -> 0.64097222 | I108: =B104 -> 11 | J108: =C108 -> 0.0041666667 | K108: =K107+J108 -> 0.62430556 | L108: =K108+$J$6 -> 0.63819444 | M108: 0.0076388889 | N108: =L108+M108 -> 0.64583333
A109: 98 | B109: =I103 -> 8 | C109: =D$3 -> 0.0041666667 | D109: =D108+C109 -> 0.625 | E109: =D109+$C$8 -> 0.63888889 | F109: 0.00625 | G109: =E109+F109 -> 0.64513889 | I109: =B105 -> 4 | J109: =C109 -> 0.0041666667 | K109: =K108+J109 -> 0.62847222 | L109: =K109+$J$6 -> 0.64236111 | M109: 0.0076388889 | N109: =L109+M109 -> 0.65
A110: 99 | B110: =I104 -> 12 | C110: =D$3 -> 0.0041666667 | D110: =D109+C110 -> 0.62916667 | E110: =D110+$C$8 -> 0.64305556 | F110: 0.00625 | G110: =E110+F110 -> 0.64930556 | I110: =B106 -> 6 | J110: =C110 -> 0.0041666667 | K110: =K109+J110 -> 0.63263889 | L110: =K110+$J$6 -> 0.64652778 | M110: 0.0076388889 | N110: =L110+M110 -> 0.65416667
A111: 100 | B111: =I105 -> 1 | C111: =D$3 -> 0.0041666667 | D111: =D110+C111 -> 0.63333333 | E111: =D111+$C$8 -> 0.64722222 | F111: 0.00625 | G111: =E111+F111 -> 0.65347222 | I111: =B107 -> 7 | J111: =C111 -> 0.0041666667 | K111: =K110+J111 -> 0.63680556 | L111: =K111+$J$6 -> 0.65069444 | M111: 0.0076388889 | N111: =L111+M111 -> 0.65833333
A112: 101 | B112: =I106 -> 2 | C112: =D$3 -> 0.0041666667 | D112: =D111+C112 -> 0.6375 | E112: =D112+$C$8 -> 0.65138889 | F112: 0.00625 | G112: =E112+F112 -> 0.65763889 | I112: =B108 -> 10 | J112: =C112 -> 0.0041666667 | K112: =K111+J112 -> 0.64097222 | L112: =K112+$J$6 -> 0.65486111 | M112: 0.0076388889 | N112: =L112+M112 -> 0.6625
A113: 102 | B113: =I107 -> 3 | C113: =D$3 -> 0.0041666667 | D113: =D112+C113 -> 0.64166667 | E113: =D113+$C$8 -> 0.65555556 | F113: 0.00625 | G113: =E113+F113 -> 0.66180556 | I113: =B109 -> 8 | J113: =C113 -> 0.0041666667 | K113: =K112+J113 -> 0.64513889 | L113: =K113+$J$6 -> 0.65902778 | M113: 0.0076388889 | N113: =L113+M113 -> 0.66666667
A114: 103 | B114: =I108 -> 11 | C114: =D$3 -> 0.0041666667 | D114: =D113+C114 -> 0.64583333 | E114: =D114+$C$8 -> 0.65972222 | F114: 0.00625 | G114: =E114+F114 -> 0.66597222 | I114: =B110 -> 12 | J114: =C114 -> 0.0041666667 | K114: =K113+J114 -> 0.64930556 | L114: =K114+$J$6 -> 0.66319444 | M114: 0.0076388889 | N114: =L114+M114 -> 0.67083333
A115: 104 | B115: =I109 -> 4 | C115: =D$3 -> 0.0041666667 | D115: =D114+C115 -> 0.65 | E115: =D115+$C$8 -> 0.66388889 | F115: 0.00625 | G115: =E115+F115 -> 0.67013889 | I115: =B111 -> 1 | J115: =C115 -> 0.0041666667 | K115: =K114+J115 -> 0.65347222 | L115: =K115+$J$6 -> 0.66736111 | M115: 0.0076388889 | N115: =L115+M115 -> 0.675
A116: 105 | B116: =I110 -> 6 | C116: =D$3 -> 0.0041666667 | D116: =D115+C116 -> 0.65416667 | E116: =D116+$C$8 -> 0.66805556 | F116: 0.00625 | G116: =E116+F116 -> 0.67430556 | I116: =B112 -> 2 | J116: =C116 -> 0.0041666667 | K116: =K115+J116 -> 0.65763889 | L116: =K116+$J$6 -> 0.67152778 | M116: 0.0076388889 | N116: =L116+M116 -> 0.67916667
A117: 106 | B117: =I111 -> 7 | C117: =D$3 -> 0.0041666667 | D117: =D116+C117 -> 0.65833333 | E117: =D117+$C$8 -> 0.67222222 | F117: 0.00625 | G117: =E117+F117 -> 0.67847222 | I117: =B113 -> 3 | J117: =C117 -> 0.0041666667 | K117: =K116+J117 -> 0.66180556 | L117: =K117+$J$6 -> 0.67569444 | M117: 0.0076388889 | N117: =L117+M117 -> 0.68333333
... A129: 118 | B129: =I123 -> 8 | C129: =D$3 -> 0.0041666667 | D129: =D128+C129 -> 0.70833333 | E129: =D129+$C$8 -> 0.72222222 | F129: 0.0034722222 | G129: =E129+F129 -> 0.72569444 | I129: =B125 -> 4 | J129: =C129 -> 0.0041666667 | K129: =K128+J129 -> 0.71180556 | L129: =K129+$J$6 -> 0.72569444 | M129: 0.0034722222 | N129: =L129+M129 -> 0.72916667
A130: 119 | B130: =I124 -> 12 | C130: =C$5 -> 0.0034722222 | D130: =D129+C130 -> 0.71180556 | E130: =D130+$C$8 -> 0.72569444 | F130: 0.0034722222 | G130: =E130+F130 -> 0.72916667 | I130: =B126 -> 6 | J130: =C130 -> 0.0034722222 | K130: =K129+J130 -> 0.71527778 | L130: =K130+$J$6 -> 0.72916667 | M130: 0.0034722222 | N130: =L130+M130 -> 0.73263889
A131: 120 | B131: =I125 -> 1 | C131: =C$5 -> 0.0034722222 | D131: =D130+C131 -> 0.71527778 | E131: =D131+$C$8 -> 0.72916667 | F131: 0.0034722222 | G131: =E131+F131 -> 0.73263889 | I131: =B127 -> 7 | J131: =C131 -> 0.0034722222 | K131: =K130+J131 -> 0.71875 | L131: =K131+$J$6 -> 0.73263889 | M131: 0.0034722222 | N131: =L131+M131 -> 0.73611111
A132: 121 | B132: =I126 -> 2 | C132: =C$5 -> 0.0034722222 | D132: =D131+C132 -> 0.71875 | E132: =D132+$C$8 -> 0.73263889 | F132: 0.0034722222 | G132: =E132+F132 -> 0.73611111 | I132: =B128 -> 10 | J132: =C132 -> 0.0034722222 | K132: =K131+J132 -> 0.72222222 | L132: =K132+$J$6 -> 0.73611111 | M132: 0.0034722222 | N132: =L132+M132 -> 0.73958333
A133: 122 | B133: =I127 -> 3 | C133: =C$5 -> 0.0034722222 | D133: =D132+C133 -> 0.72222222 | E133: =D133+$C$8 -> 0.73611111 | F133: 0.0034722222 | G133: =E133+F133 -> 0.73958333 | I133: =B129 -> 8 | J133: =C133 -> 0.0034722222 | K133: =K132+J133 -> 0.72569444 | L133: =K133+$J$6 -> 0.73958333 | M133: 0.0034722222 | N133: =L133+M133 -> 0.74305556
A134: 123 | B134: =I128 -> 11 | C134: =C$5 -> 0.0034722222 | D134: =D133+C134 -> 0.72569444 | E134: =D134+$C$8 -> 0.73958333 | F134: 0.0034722222 | G134: =E134+F134 -> 0.74305556 | I134: =B130 -> 12 | J134: =C134 -> 0.0034722222 | K134: =K133+J134 -> 0.72916667 | L134: =K134+$J$6 -> 0.74305556 | M134: 0.0034722222 | N134: =L134+M134 -> 0.74652778
A135: 124 | B135: =I129 -> 4 | C135: =C$5 -> 0.0034722222 | D135: =D134+C135 -> 0.72916667 | E135: =D135+$C$8 -> 0.74305556 | F135: 0.0034722222 | G135: =E135+F135 -> 0.74652778 | I135: =B131 -> 1 | J135: =C135 -> 0.0034722222 | K135: =K134+J135 -> 0.73263889 | L135: =K135+$J$6 -> 0.74652778 | M135: 0.0034722222 | N135: =L135+M135 -> 0.75
A136: 125 | B136: =I130 -> 6 | C136: =C$5 -> 0.0034722222 | D136: =D135+C136 -> 0.73263889 | E136: =D136+$C$8 -> 0.74652778 | F136: 0.0034722222 | G136: =E136+F136 -> 0.75 | I136: =B132 -> 2 | J136: =C136 -> 0.0034722222 | K136: =K135+J136 -> 0.73611111 | L136: =K136+$J$6 -> 0.75 | M136: 0.0034722222 | N136: =L136+M136 -> 0.75347222
A137: 126 | B137: =I131 -> 7 | C137: =C$5 -> 0.0034722222 | D137: =D136+C137 -> 0.73611111 | E137: =D137+$C$8 -> 0.75 | F137: 0.0034722222 | G137: =E137+F137 -> 0.75347222 | I137: =B133 -> 3 | J137: =C137 -> 0.0034722222 | K137: =K136+J137 -> 0.73958333 | L137: =K137+$J$6 -> 0.75347222 | M137: 0.0034722222 | N137: =L137+M137 -> 0.75694444
A138: 127 | B138: =I132 -> 10 | C138: =C$5 -> 0.0034722222 | D138: =D137+C138 -> 0.73958333 | E138: =D138+$C$8 -> 0.75347222 | F138: 0.0034722222 | G138: =E138+F138 -> 0.75694444 | I138: =B134 -> 11 | J138: =C138 -> 0.0034722222 | K138: =K137+J138 -> 0.74305556 | L138: =K138+$J$6 -> 0.75694444 | M138: 0.0034722222 | N138: =L138+M138 -> 0.76041667
...

Sheet Sheet1
E3: 19.673 | F3: 148 | G3: =F3*E3 -> 2911.604
E4: 4.74 | F4: 288 | G4: =F4*E4 -> 1365.12
G5: =G3-G4 -> 1546.484
